<?xml version="1.0" encoding="UTF-8" standalone="no"?>
<launchConfiguration type="org.eclipse.jdt.launching.localJavaApplication">
    <listAttribute key="org.eclipse.debug.core.MAPPED_RESOURCE_PATHS">
        <listEntry value="/%ECLIPSE_PROJECT%"/>
    </listAttribute>
    <listAttribute key="org.eclipse.debug.core.MAPPED_RESOURCE_TYPES">
        <listEntry value="4"/>
    </listAttribute>
    <mapAttribute key="org.eclipse.debug.core.environmentVariables">
        %ECLIPSE_ENV_VARS%
    </mapAttribute>
    <booleanAttribute key="org.eclipse.jdt.launching.ATTR_USE_START_ON_FIRST_THREAD" value="true"/>
    <stringAttribute key="org.eclipse.jdt.launching.CLASSPATH_PROVIDER" value="org.eclipse.buildship.core.classpathprovider"/>
    <stringAttribute key="org.eclipse.jdt.launching.MAIN_TYPE" value="%MAIN_CLASS%"/>
    <stringAttribute key="org.eclipse.jdt.launching.PROGRAM_ARGUMENTS" value="%PROGRAM_ARGS%"/>
    <stringAttribute key="org.eclipse.jdt.launching.PROJECT_ATTR" value="%ECLIPSE_PROJECT%"/>
    <stringAttribute key="org.eclipse.jdt.launching.VM_ARGUMENTS" value="%VM_ARGS%"/>
    <stringAttribute key="org.eclipse.jdt.launching.WORKING_DIRECTORY" value="${workspace_loc:%ECLIPSE_PROJECT%}/%RUN_DIRECTORY%"/>
    <booleanAttribute key="org.eclipse.jdt.launching.ATTR_ATTR_USE_ARGFILE" value="true"/>
</launchConfiguration>
