<component name="ProjectRunConfigurationManager">
  <configuration default="false" name="%NAME%" type="Application" factoryName="Application">
    <option name="MAIN_CLASS_NAME" value="%MAIN_CLASS%" />
    <module name="%IDEA_MODULE%" />
    <option name="PROGRAM_PARAMETERS" value="%PROGRAM_ARGS%" />
    <option name="VM_PARAMETERS" value="%VM_ARGS%" />
    <option name="WORKING_DIRECTORY" value="$PROJECT_DIR$/%RUN_DIRECTORY%/" />
    <method v="2">
      <option name="Make" enabled="true" />
    </method>
    <envs>
      %IDEA_ENV_VARS%
    </envs>
    <shortenClasspath name="ARGS_FILE" />
  </configuration>
</component>
